project,LongestGapStart,LongestGapEnd,LongestGapLength,NumCommitsAfterLastGap,NumberOfGapsInTimeline,ActivityPattern,BeforeThemes,AfterThemes
nrel_openstudio-server,2022-07,2022-09,3,1502,1,declining,Other:Branch Handling,Other:Bug fixes
knossos-project_knossos,2024-03,2024-06,4,148,2,irregular,Other:Bug fixes,Other
parflow_parflow,2012-03,2012-07,5,9884,6,rising,Bug fixes:Other,Bug fixes:Other
openmd_openmd,2025-05,2025-07,3,38,1,steady,Other:Bug fixes,Other
project-konda_pattern-based-quality-analysis,2021-06,2021-07,2,4968,0,irregular,Bug fixes:Feature development,Bug fixes:Other
inab_wes-backend,2022-07,2022-08,2,2758,0,cyclical,Bug fixes:Branch Handling,Bug fixes:Dependency updates
wistaria_materiappsinstaller,2020-01,2020-03,3,1182,3,steady,Branch Handling:Other,Branch Handling:Other
leftygray_cascade_calculations,2020-01,2020-05,5,564,3,cyclical,Release,Release
wtmatlock_flanker,2022-03,2022-11,9,122,6,declining,Other:Release,Release
google_uis-rnn,2021-08,2023-06,23,16,3,declining,Other:Bug fixes,Bug fixes:Dependency updates
